City_ID,City,Country,Date,Lat,Lng,Max Temp,Humidity,Cloudiness,Wind Speed
0,Khatanga,RU,5/28/2022 23:44,71.9667,102.5,34.21,83,94,14.09
1,Baykit,RU,5/28/2022 23:44,61.67,96.37,53.19,47,99,2.06
2,Fougamou,GA,5/28/2022 23:44,-1.2154,10.5838,71.22,98,22,2.04
3,Palmer,US,5/28/2022 23:44,42.1584,-72.3287,67.24,86,100,3.49
4,Olafsvik,IS,5/28/2022 23:44,64.8945,-23.7142,49.84,72,97,8.7
5,Tuktoyaktuk,CA,5/28/2022 23:44,69.4541,-133.0374,32,86,75,11.5
6,Norman Wells,CA,5/28/2022 23:44,65.282,-126.8329,57.24,30,75,16.11
7,Ponta Do Sol,PT,5/28/2022 23:44,32.6667,-17.1,66.83,79,57,4.05
8,Rikitea,PF,5/28/2022 23:44,-23.1203,-134.9692,76.08,71,0,7.05
9,Broome,US,5/28/2022 23:44,42.2506,-75.833,65.7,72,40,10.36
10,Juneau,US,5/28/2022 23:44,58.3019,-134.4197,69.8,100,40,10.36
11,Kavieng,PG,5/28/2022 23:44,-2.5744,150.7967,83.16,68,93,5.48
12,Port Alfred,ZA,5/28/2022 23:40,-33.5906,26.891,56.17,92,4,12.01
13,Port Blair,IN,5/28/2022 23:43,11.6667,92.75,82.44,89,75,9.22
14,Vaini,TO,5/28/2022 23:44,-21.2,-175.2,80.76,89,75,8.05
15,Korla,CN,5/28/2022 23:44,41.7597,86.1469,76.33,27,0,9.98
16,Klaksvik,FO,5/28/2022 23:44,62.2266,-6.589,47.32,77,24,24.81
17,Jamestown,US,5/28/2022 23:42,42.097,-79.2353,64.04,63,40,10.36
18,Baker City,US,5/28/2022 23:44,44.7749,-117.8344,59.59,50,40,3.44
19,Umm Lajj,SA,5/28/2022 23:44,25.0213,37.2685,82.36,47,0,10.31
20,Lavrentiya,RU,5/28/2022 23:44,65.5833,-171,35.55,94,99,3.94
21,Busselton,AU,5/28/2022 23:44,-33.65,115.3333,58.19,56,98,16.67
22,Hilo,US,5/28/2022 23:40,19.7297,-155.09,86.29,80,75,12.66
23,Ushuaia,AR,5/28/2022 23:41,-54.8,-68.3,37.06,75,75,23.02
24,New Norfolk,AU,5/28/2022 23:44,-42.7826,147.0587,45.91,85,90,0.87
25,Seoul,KR,5/28/2022 23:44,37.5683,126.9778,69.37,73,75,6.91
26,Punta Arenas,CL,5/28/2022 23:40,-53.15,-70.9167,37.51,75,40,8.05
27,Hithadhoo,MV,5/28/2022 23:44,-0.6,73.0833,83.95,68,83,11.39
28,Belyy Yar,RU,5/28/2022 23:44,53.6039,91.3903,49.89,62,0,6.71
29,Khvoynaya,RU,5/28/2022 23:44,58.9,34.5333,40.55,97,23,5.19
30,Porosozero,RU,5/28/2022 23:44,62.7191,32.727,48.02,95,99,2.95
31,Albany,US,5/28/2022 23:40,42.6001,-73.9662,68.41,61,57,9.64
32,Atuona,PF,5/28/2022 23:44,-9.8,-139.0333,77.85,79,27,16.35
33,Mataura,NZ,5/28/2022 23:44,-46.1927,168.8643,51.48,71,100,2.82
34,Karratha,AU,5/28/2022 23:44,-20.7377,116.8463,69.04,95,100,18.59
35,Baranchinskiy,RU,5/28/2022 23:44,58.1617,59.6991,49.91,96,86,7.36
36,Fortuna,US,5/28/2022 23:44,40.5982,-124.1573,54.93,92,100,10.36
37,Butaritari,KI,5/28/2022 23:44,3.0707,172.7902,81.64,72,100,16.35
38,Te Anau,NZ,5/28/2022 23:44,-45.4167,167.7167,50.76,76,100,1.12
39,Salalah,OM,5/28/2022 23:44,17.0151,54.0924,82.49,78,75,2.3
40,Bredasdorp,ZA,5/28/2022 23:43,-34.5322,20.0403,57.34,71,6,12.46
41,Nadym,RU,5/28/2022 23:44,65.5333,72.5167,51.39,59,3,20.6
42,Daru,PG,5/28/2022 23:45,-9.0763,143.2092,80.53,72,98,9.4
43,Upernavik,GL,5/28/2022 23:45,72.7868,-56.1549,27.93,84,82,8.9
44,Barrow,US,5/28/2022 23:45,71.2906,-156.7887,33.82,86,100,5.75
45,Namibe,AO,5/28/2022 23:45,-15.1961,12.1522,63.46,87,49,7
46,Constitucion,CL,5/28/2022 23:46,-35.3333,-72.4167,44.62,68,23,7.76
47,Kapaa,US,5/28/2022 23:46,22.0752,-159.319,79.12,79,20,13.8
48,Mackay,AU,5/28/2022 23:46,-21.15,149.2,74.68,53,0,5.28
49,Samarai,PG,5/28/2022 23:46,-10.6167,150.6667,80.58,64,31,10.71
50,Teknaf,BD,5/28/2022 23:46,20.8624,92.3058,79.88,89,45,4.5
51,Fairbanks,US,5/28/2022 23:43,64.8378,-147.7164,76.01,27,0,13.8
52,Cidreira,BR,5/28/2022 23:46,-30.1811,-50.2056,64.89,96,99,14.32
53,Katwijk,NL,5/28/2022 23:46,52.1942,4.4222,51.94,81,7,12.8
54,Cape Town,ZA,5/28/2022 23:42,-33.9258,18.4232,59.88,92,75,17.27
55,Mahebourg,MU,5/28/2022 23:46,-20.4081,57.7,69.26,70,40,18.79
56,Tasiilaq,GL,5/28/2022 23:46,65.6145,-37.6368,41.16,96,100,27.45
57,Bluff,NZ,5/28/2022 23:46,-46.6,168.3333,51.8,74,99,6.58
58,Mar Del Plata,AR,5/28/2022 23:46,-38.0023,-57.5575,50.09,73,75,8.05
59,Chiredzi,ZW,5/28/2022 23:46,-21.05,31.6667,59.86,90,6,2.77
60,Nicoya,CR,5/28/2022 23:46,10.1483,-85.452,78.73,85,83,1.45
61,Necochea,AR,5/28/2022 23:46,-38.5473,-58.7368,43.9,52,14,7.36
62,Okha,RU,5/28/2022 23:46,53.5739,142.9478,37.09,96,100,9.28
63,Hobart,AU,5/28/2022 23:45,-42.8794,147.3294,46.26,96,75,11.5
64,Anchorage,US,5/28/2022 23:42,61.2181,-149.9003,74.86,26,0,4
65,Hofn,IS,5/28/2022 23:46,64.2539,-15.2082,47.55,81,2,9.64
66,Tunoshna,RU,5/28/2022 23:46,57.5459,40.1254,48.18,87,75,8.95
67,Lazaro Cardenas,MX,5/28/2022 23:46,17.9583,-102.2,83.46,63,100,11.1
68,Kahului,US,5/28/2022 23:46,20.8947,-156.47,87.82,62,75,19.57
69,Paraiso,CR,5/28/2022 23:46,9.8383,-83.8656,69.89,100,93,1.88
70,Bogale,MM,5/28/2022 23:46,16.2833,95.4,79.79,88,75,4.9
71,Nanortalik,GL,5/28/2022 23:46,60.1432,-45.2371,39.83,85,98,7.43
72,Kavaratti,IN,5/28/2022 23:46,10.5669,72.642,81.46,78,90,11.23
73,Isangel,VU,5/28/2022 23:46,-19.55,169.2667,80.98,71,1,4.21
74,Lebu,CL,5/28/2022 23:46,-37.6167,-73.65,45.81,69,3,14.16
75,Hamilton,US,5/28/2022 23:45,39.1834,-84.5333,73.72,73,20,4.61
76,Thompson,CA,5/28/2022 23:41,55.7435,-97.8558,59.16,44,75,5.75
77,North Bend,US,5/28/2022 23:45,43.4065,-124.2243,53.51,91,100,20.71
78,Ribeira Grande,PT,5/28/2022 23:46,38.5167,-28.7,59.4,63,40,9.22
79,Dingle,PH,5/28/2022 23:46,10.9995,122.6711,80.38,81,99,1.03
80,La Palma,US,5/28/2022 23:46,33.8464,-118.0467,73.24,63,100,11.5
81,Padang,ID,5/28/2022 23:46,-0.9492,100.3543,73.45,79,99,3.89
82,Vardo,NO,5/28/2022 23:46,70.3705,31.1107,40.98,93,75,4.61
83,Srednekolymsk,RU,5/28/2022 23:46,67.45,153.6833,53.91,36,91,3.91
84,Narsaq,GL,5/28/2022 23:46,60.9167,-46.05,53.82,65,20,3.76
85,Portland,US,5/28/2022 23:45,45.5234,-122.6762,59.97,90,100,7
86,Mandera,KE,5/28/2022 23:46,3.9366,41.867,77.65,68,74,13.69
87,Hami,CN,5/28/2022 23:46,42.8,93.45,75.88,11,2,7.27
88,Quelimane,MZ,5/28/2022 23:46,-17.8786,36.8883,69.75,88,20,0
89,Cayenne,GF,5/28/2022 23:46,4.9333,-52.3333,82.09,6,40,5.99
90,Sao Joao Da Barra,BR,5/28/2022 23:46,-21.6403,-41.0511,72.63,84,100,11.59
91,Avarua,CK,5/28/2022 23:47,-21.2078,-159.775,80.65,74,40,9.22
92,Dikson,RU,5/28/2022 23:46,73.5069,80.5464,30.74,85,100,9.62
93,Kaitangata,NZ,5/28/2022 23:47,-46.2817,169.8464,50,69,100,2.26
94,Along,IN,5/28/2022 23:47,28.1667,94.7667,71.24,95,54,1.48
95,Pathein,MM,5/28/2022 23:47,16.7833,94.7333,80.35,87,71,4.45
96,Salinopolis,BR,5/28/2022 23:47,-0.6136,-47.3561,78.17,84,84,7.96
97,Chokurdakh,RU,5/28/2022 23:47,70.6333,147.9167,36.39,64,97,5.55
98,Eqbaliyeh,IR,5/28/2022 23:47,35.3022,51.5358,75.02,13,80,7.18
99,Katherine,AU,5/28/2022 23:47,-14.4667,132.2667,75.52,60,8,0
100,Cherskiy,RU,5/28/2022 23:47,68.75,161.3,43.7,46,14,6.87
101,Faya,SA,5/28/2022 23:47,18.3851,42.4509,64.92,42,13,0.94
102,Kyabram,AU,5/28/2022 23:47,-36.3167,145.05,49.87,66,84,3.44
103,Vrede,ZA,5/28/2022 23:47,-27.4257,29.1659,46.02,80,0,3.18
104,Huanren,CN,5/28/2022 23:47,41.2647,125.3667,67.44,62,84,9.86
105,Esperance,AU,5/28/2022 23:43,-33.8667,121.9,53.44,68,91,37.09
106,Saquena,PE,5/28/2022 23:47,-4.6667,-73.5167,73.02,99,84,2.15
107,Axim,GH,5/28/2022 23:47,4.8699,-2.2405,78.33,86,79,5.41
108,Saint George,US,5/28/2022 23:47,37.1041,-113.5841,91.63,13,0,16.11
109,Chokwe,MZ,5/28/2022 23:47,-24.5333,32.9833,64.71,81,0,7.27
110,Pevek,RU,5/28/2022 23:47,69.7008,170.3133,31.17,71,85,2.59
111,Longyearbyen,SJ,5/28/2022 23:47,78.2186,15.6401,46.24,71,0,4.61
112,East London,ZA,5/28/2022 23:46,-33.0153,27.9116,62.94,81,1,13.38
113,Provideniya,RU,5/28/2022 23:47,64.3833,-173.3,45.19,73,28,6.46
114,Talara,PE,5/28/2022 23:47,-4.5772,-81.2719,70.56,73,0,14.97
115,Bairiki,KI,5/28/2022 23:47,1.3292,172.9752,86,70,75,12.66
116,Torbay,CA,5/28/2022 23:47,47.6666,-52.7314,38.26,91,100,24.16
117,Kunming,CN,5/28/2022 23:47,25.0389,102.7183,62.53,94,40,6.71
118,Kodiak,US,5/28/2022 23:46,57.79,-152.4072,67.51,40,0,5.75
119,Bethel,US,5/28/2022 23:47,41.3712,-73.414,67.87,92,100,4.61
120,Batagay-Alyta,RU,5/28/2022 23:47,67.8006,130.4114,33.31,83,25,3.44
121,Barranca,PE,5/28/2022 23:47,-10.75,-77.7667,62.8,83,9,8.57
122,Rio Claro,BR,5/28/2022 23:47,-22.4114,-47.5614,62.22,62,0,4.63
123,Kargil,IN,5/28/2022 23:44,34.5667,76.1,45.66,65,89,4.65
124,Cabo San Lucas,MX,5/28/2022 23:47,22.8909,-109.9124,90.61,55,0,13.35
125,Flinders,AU,5/28/2022 23:47,-34.5833,150.8552,61.38,67,4,11.01
126,Sao Jose Da Coroa Grande,BR,5/28/2022 23:47,-8.8978,-35.1478,74.75,93,100,3
127,Bengkulu,ID,5/28/2022 23:47,-3.8004,102.2655,75.31,84,100,5.44
128,Pangnirtung,CA,5/28/2022 23:47,66.1451,-65.7125,27.82,86,13,3.87
129,Almaznyy,RU,5/28/2022 23:47,48.0448,40.045,55.11,79,8,3
130,Yellowknife,CA,5/28/2022 23:47,62.456,-114.3525,61.32,33,40,18.99
131,Falkenberg,SE,5/28/2022 23:47,56.9055,12.4912,52.95,88,92,7.09
132,Pisco,PE,5/28/2022 23:43,-13.7,-76.2167,66.25,68,13,16.11
133,Harrison,US,5/28/2022 23:47,30.4091,-89.0436,82.76,54,0,8.05
134,Kloulklubed,PW,5/28/2022 23:47,7.0419,134.2556,77.5,76,99,8.19
135,Bambous Virieux,MU,5/28/2022 23:44,-20.3428,57.7575,69.22,66,68,19.48
136,Bandarbeyla,SO,5/28/2022 23:47,9.4942,50.8122,79.7,80,23,21.25
137,Puerto Ayora,EC,5/28/2022 23:47,-0.7393,-90.3518,72.55,89,85,4
138,Nantucket,US,5/28/2022 23:43,41.2835,-70.0995,62.71,98,100,10.36
139,Kargopol,RU,5/28/2022 23:48,61.5071,38.9456,47.57,97,100,2.84
140,Bagotville,AU,5/28/2022 23:48,-28.9833,153.4167,64.63,70,2,9.66
141,Lansdale,US,5/28/2022 23:45,40.2415,-75.2838,75.33,72,75,5.75
142,Tiksi,RU,5/28/2022 23:48,71.6872,128.8694,31.44,95,100,5.44
143,Fort Nelson,CA,5/28/2022 23:48,58.8053,-122.7002,58.59,44,75,6.91
144,Ostrovnoy,RU,5/28/2022 23:48,68.0531,39.5131,37.33,99,100,9.71
145,Seymchan,RU,5/28/2022 23:48,62.8833,152.4333,54.72,42,48,0.36
146,Luderitz,NA,5/28/2022 23:48,-26.6481,15.1594,54,88,0,8.95
147,Ancud,CL,5/28/2022 23:48,-41.8697,-73.8203,43,76,49,5.23
148,Mahajanga,MG,5/28/2022 23:48,-15.7167,46.3167,69.82,83,20,3.44
149,Veraval,IN,5/28/2022 23:48,20.9,70.3667,82.72,73,99,17.27
150,Chapleau,CA,5/28/2022 23:48,47.8405,-83.4034,64.49,48,75,5.75
151,Lorengau,PG,5/28/2022 23:48,-2.0226,147.2712,84.06,64,85,3.11
152,Saskylakh,RU,5/28/2022 23:47,71.9167,114.0833,26.82,94,91,4.52
153,Suhbaatar,MN,5/28/2022 23:48,50.2314,106.2078,49.73,35,78,14.97
154,Grand Gaube,MU,5/28/2022 23:48,-20.0064,57.6608,69.39,78,12,1.99
155,Rocha,UY,5/28/2022 23:48,-34.4833,-54.3333,51.39,84,95,0.63
156,Hermanus,ZA,5/28/2022 23:44,-34.4187,19.2345,60.8,84,22,16.78
157,Lompoc,US,5/28/2022 23:46,34.6391,-120.4579,77.77,70,0,21
158,Port Lincoln,AU,5/28/2022 23:48,-34.7333,135.8667,57.43,73,21,16.64
159,Mogapi,BW,5/28/2022 23:48,-22.323,27.8349,56.32,74,0,5.12
160,Nassau,US,5/28/2022 23:48,40.7507,-73.5829,74.88,71,40,3.44
161,Zimovniki,RU,5/28/2022 23:48,47.1483,42.4633,59.41,70,3,3.98
162,Sao Filipe,CV,5/28/2022 23:48,14.8961,-24.4956,74.59,83,38,4.74
163,Georgetown,MY,5/28/2022 23:45,5.4112,100.3354,80.53,93,20,5.01
164,Orocue,CO,5/28/2022 23:48,4.7912,-71.3354,77.09,84,41,1.99
165,Avera,US,5/28/2022 23:48,33.194,-82.5271,82.45,54,1,1.83
166,Colares,PT,5/28/2022 23:48,38.7992,-9.4469,66.33,71,9,13
167,Los Llanos De Aridane,ES,5/28/2022 23:48,28.6585,-17.9182,62.35,80,20,8.05
168,Sibolga,ID,5/28/2022 23:48,1.7427,98.7792,75.94,80,100,3.2
169,Sabla,NG,5/28/2022 23:48,12.7525,4.7077,91.87,36,8,10.31
170,Mbandaka,CD,5/28/2022 23:48,0.0487,18.2603,69.89,99,98,3.13
171,Sisimiut,GL,5/28/2022 23:48,66.9395,-53.6735,37.33,71,17,11.14
172,Barra Patuca,HN,5/28/2022 23:48,15.8,-84.2833,79.2,87,97,10.42
173,Nikolskoye,RU,5/28/2022 23:48,59.7035,30.7861,48.87,97,19,3.29
174,Sur,OM,5/28/2022 23:48,22.5667,59.5289,84.36,66,0,9.69
175,Jumla,NP,5/28/2022 23:48,29.2747,82.1838,57.27,88,93,1.45
176,Flin Flon,CA,5/28/2022 23:48,54.7682,-101.865,53.44,76,100,3.44
177,Tommot,RU,5/28/2022 23:48,58.9564,126.2925,53.13,80,100,1.83
178,Airai,TL,5/28/2022 23:46,-8.9266,125.4092,67.35,64,13,1.88
179,Benghazi,LY,5/28/2022 23:48,32.1167,20.0667,72.66,62,9,8.66
180,Dakar,SN,5/28/2022 23:48,14.6937,-17.4441,76.08,85,100,13.89
181,Tabuk,PH,5/28/2022 23:48,17.4189,121.4443,80.78,82,66,1.9
182,Port Elizabeth,ZA,5/28/2022 23:48,-33.918,25.5701,57.49,86,0,10.36
183,Chiang Klang,TH,5/28/2022 23:49,19.2938,100.8617,76.48,94,99,2.21
184,Castro,BR,5/28/2022 23:46,-24.7911,-50.0119,57.07,82,14,4.38
185,Laukaa,RU,5/28/2022 23:49,58.7372,29.8453,40.5,98,17,4.94
186,Sangar,RU,5/28/2022 23:49,63.9242,127.4739,47.66,71,100,5.01
187,Tevaitoa,PF,5/28/2022 23:49,-16.7833,-151.5,80.96,72,23,16.71
188,Isiro,CD,5/28/2022 23:49,2.7739,27.616,65.28,99,98,1.36
189,Lilongwe,MW,5/28/2022 23:49,-13.9669,33.7873,55.22,73,5,2.75
190,Okhotsk,RU,5/28/2022 23:49,59.3833,143.3,42.55,74,78,10.04
191,Saint-Philippe,RE,5/28/2022 23:49,-21.3585,55.7679,67.59,68,34,11.01
192,Kayerkan,RU,5/28/2022 23:49,69.3497,87.7602,30.52,86,21,16.93
193,Raahe,FI,5/28/2022 23:49,64.6833,24.4833,44.69,91,99,5.08
194,Mitsamiouli,KM,5/28/2022 23:49,-11.3847,43.2844,77.86,72,17,4.18
195,Largo,US,5/28/2022 23:48,27.9095,-82.7873,86.04,59,0,11.5
196,Taoudenni,ML,5/28/2022 23:49,22.6783,-3.9836,93.04,21,94,13.62
197,Arraial Do Cabo,BR,5/28/2022 23:46,-22.9661,-42.0278,69.76,94,0,6.91
198,Souillac,MU,5/28/2022 23:49,-20.5167,57.5167,73.36,64,71,17.69
199,Waterloo,CA,5/28/2022 23:47,43.4668,-80.5164,67.48,59,40,3.44
200,Liaozhong,CN,5/28/2022 23:49,41.5061,122.7242,73.72,54,92,19.42
201,Anaco,VE,5/28/2022 23:49,9.4389,-64.4728,78.62,55,100,4.63
202,Ilulissat,GL,5/28/2022 23:49,69.2167,-51.1,35.62,75,100,0
203,Wakkanai,JP,5/28/2022 23:49,45.4094,141.6739,46.38,93,75,23.02
204,Vakhrushev,RU,5/28/2022 23:49,48.9833,142.9667,45.75,97,100,9.78
205,San Luis,AR,5/28/2022 23:49,-33.295,-66.3356,51.48,64,86,6.71
206,Bambanglipuro,ID,5/28/2022 23:49,-7.95,110.2833,76.75,89,60,3.96
207,Santa Lucia,ES,5/28/2022 23:49,27.9117,-15.5407,61.92,68,75,11.5
208,The Valley,AI,5/28/2022 23:49,18.217,-63.0578,80.74,74,75,11.5
209,Luganville,VU,5/28/2022 23:49,-15.5333,167.1667,83.73,68,21,5.23
210,Northam,GB,5/28/2022 23:49,51.0333,-4.2167,50.61,91,54,7.23
211,Geraldton,AU,5/28/2022 23:50,-28.7667,114.6,57.61,72,75,16.11
212,Sao Lourenco,BR,5/28/2022 23:50,-22.1164,-45.0544,56.07,85,96,1.63
213,Mayumba,GA,5/28/2022 23:50,-3.432,10.6554,71.85,92,23,5.79
214,Victoria,HK,5/28/2022 23:48,22.2855,114.1577,85.24,82,76,7
215,Chibombo,ZM,5/28/2022 23:50,-14.6569,28.0706,51.82,83,0,5.97
216,Goderich,CA,5/28/2022 23:50,43.7501,-81.7165,59.32,67,93,1.14
217,Lagos,NG,5/28/2022 23:49,6.5833,3.75,82.72,84,46,5.79
218,Karaton,ID,5/28/2022 23:50,-6.3424,106.1045,75.13,93,99,3.36
219,Hasaki,JP,5/28/2022 23:46,35.7333,140.8333,77.4,62,35,4.23
220,Atar,MR,5/28/2022 23:50,20.5169,-13.0499,88.72,29,87,1.72
221,Zhezkazgan,KZ,5/28/2022 23:50,47.8043,67.7144,59.22,48,87,9.15
222,Tselinnoye,RU,5/28/2022 23:50,53.0833,85.6667,63.91,64,68,1.9
223,Aykhal,RU,5/28/2022 23:50,66,111.5,45.88,44,71,8.5
224,Port Shepstone,ZA,5/28/2022 23:50,-30.7414,30.455,68.27,48,0,8.72
225,Vila Franca Do Campo,PT,5/28/2022 23:50,37.7167,-25.4333,59.41,72,100,11.7
226,Quesnel,CA,5/28/2022 23:50,52.9999,-122.5029,59.5,51,75,5.75
227,Urumqi,CN,5/28/2022 23:50,43.801,87.6005,72.55,35,0,2.24
228,Mairana,BO,5/28/2022 23:51,-18.1167,-63.9333,56.37,97,40,3.76
229,Nhulunbuy,AU,5/28/2022 23:51,-12.2333,136.7667,83.01,65,40,10.36
230,Bud,US,5/28/2022 23:51,39.447,-86.1758,71.91,68,18,2.44
231,Valvatna,NO,5/28/2022 23:51,59.7672,5.4328,46.35,77,15,24.02
232,Linguere,SN,5/28/2022 23:51,15.3953,-15.1193,84.42,61,0,4.61
233,Waingapu,ID,5/28/2022 23:51,-9.6567,120.2641,79.65,77,96,2.55
234,Iqaluit,CA,5/28/2022 23:51,63.7506,-68.5145,29.93,86,40,16.11
235,Vao,NC,5/28/2022 23:51,-22.6667,167.4833,74.53,79,54,10.58
236,Shupiyan,IN,5/28/2022 23:51,33.7167,74.8333,50.32,72,1,4.23
237,Saldanha,ZA,5/28/2022 23:51,-33.0117,17.9442,55.45,82,2,13.06
238,Puerto Rondon,CO,5/28/2022 23:51,6.2805,-71.1,74.89,92,45,4.74
239,Camacha,PT,5/28/2022 23:51,33.0833,-16.3333,63.82,77,75,9.22
240,Lasa,IT,5/28/2022 23:49,46.6166,10.7002,54.48,86,92,5.03
241,Sonoita,MX,5/28/2022 23:51,31.85,-112.8333,88.16,13,9,18.3
242,Vaitape,PF,5/28/2022 23:51,-16.5167,-151.75,81.14,72,33,16.04
243,Zheleznodorozhnyy,RU,5/28/2022 23:51,55.7503,38.0042,45.95,90,4,6.58
244,Port Hedland,AU,5/28/2022 23:51,-20.3167,118.5667,68.05,94,40,19.57
245,Joao Pinheiro,BR,5/28/2022 23:47,-17.7425,-46.1725,62.13,49,55,2.75
246,Ise,JP,5/28/2022 23:51,34.4833,136.7,70.92,57,85,5.77
247,Emba,KZ,5/28/2022 23:48,48.8264,58.1442,58.14,66,7,5.55
248,Taizhou,CN,5/28/2022 23:51,32.4933,119.9106,70,86,90,5.79
249,Istok,XK,5/28/2022 23:51,42.7808,20.4875,55.69,94,81,3.67
250,Codrington,AU,5/28/2022 23:51,-38.2667,141.9667,50.16,74,41,7.52
251,Kaoma,ZM,5/28/2022 23:51,-14.7833,24.8,52.07,58,0,5.79
252,Saint-Augustin,CA,5/28/2022 23:51,51.226,-58.6502,40.42,94,100,25.43
253,Oranjemund,NA,5/28/2022 23:51,-28.55,16.4333,54.03,90,0,2.04
254,Meulaboh,ID,5/28/2022 23:51,4.1363,96.1285,75.96,82,92,3.78
255,Ruidoso,US,5/28/2022 23:51,33.3317,-105.673,83.97,8,0,31.07
256,Pangkalanbuun,ID,5/28/2022 23:51,-2.6833,111.6167,79.02,83,95,1.01
257,Kerman,IR,5/28/2022 23:51,30.2832,57.0788,71.46,15,0,9.22
258,Nipawin,CA,5/28/2022 23:51,53.3668,-104.0009,66.24,55,100,14.97
259,De-Kastri,RU,5/28/2022 23:51,51.4667,140.7833,50.49,89,100,5.82
260,Jensen Beach,US,5/28/2022 23:51,27.2545,-80.2298,83.01,78,75,0
261,Harper,LR,5/28/2022 23:46,4.375,-7.7169,78.78,85,32,6.15
262,Moron,AR,5/28/2022 23:48,-34.6534,-58.6198,52.97,76,93,1.97
263,Bilibino,RU,5/28/2022 23:48,68.0546,166.4372,45.66,38,82,8.21
264,Qaanaaq,GL,5/28/2022 23:51,77.484,-69.3632,21.4,76,73,6.29
265,San Patricio,US,5/28/2022 23:51,28.017,-97.5169,91.54,62,0,16.98
266,Sicamous,CA,5/28/2022 23:51,50.8331,-118.9856,64.87,33,81,3.18
267,Carnarvon,AU,5/28/2022 23:51,-24.8667,113.6333,66.45,66,100,23.67
268,Severo-Kurilsk,RU,5/28/2022 23:51,50.6789,156.125,42.53,95,100,13.13
269,Hirara,JP,5/28/2022 23:51,24.8,125.2833,80.87,94,75,16.11
270,Rio Gallegos,AR,5/28/2022 23:47,-51.6226,-69.2181,39.25,70,0,17.27
271,Sucua,EC,5/28/2022 23:51,-2.4667,-78.1667,72.34,83,40,4.61
272,Luangwa,ZM,5/28/2022 23:51,-15.6167,30.4167,58.37,83,0,2.1
273,Vostok,RU,5/28/2022 23:51,46.4856,135.8833,59.02,70,100,5.26
274,Arvika,SE,5/28/2022 23:51,59.6553,12.5852,47.01,79,33,3.27
275,Amahai,ID,5/28/2022 23:52,-3.3333,128.9167,81.46,74,91,1.81
276,Mount Isa,AU,5/28/2022 23:52,-20.7333,139.5,67.77,40,6,2.3
277,Presidencia Roque Saenz Pena,AR,5/28/2022 23:52,-26.7852,-60.4388,60.71,97,99,2.68
278,Filadelfia,US,5/28/2022 23:48,39.9523,-75.1638,76.5,67,0,9.22
279,Chuy,UY,5/28/2022 23:52,-33.6971,-53.4616,55.31,79,99,2.86
280,Inhambane,MZ,5/28/2022 23:49,-23.865,35.3833,67.98,80,0,6.98
281,Kangaatsiaq,GL,5/28/2022 23:50,68.3065,-53.4641,30.69,83,93,10.33
282,Sarishabari,BD,5/28/2022 23:52,24.7333,89.8333,81.48,79,90,12.1
283,Nishihara,JP,5/28/2022 23:49,26.1842,127.7558,80.26,94,100,14.97
284,Kilindoni,TZ,5/28/2022 23:52,-7.9139,39.6668,79.97,68,10,16.91
285,Gemena,CD,5/28/2022 23:52,3.25,19.7667,68.68,100,98,2.55
286,Kirando,TZ,5/28/2022 23:52,-7.4167,30.6,73.18,65,25,9.35
287,Auki,SB,5/28/2022 23:52,-8.7676,160.7034,84.4,69,44,3
288,Morgan City,US,5/28/2022 23:50,29.6994,-91.2068,84.2,45,0,6.91
289,Abu Samrah,SY,5/28/2022 23:52,35.3029,37.1841,74.14,32,0,3.89
290,Kargat,RU,5/28/2022 23:52,55.1956,80.2811,59.59,60,100,5.99
291,Nkan,GA,5/28/2022 23:52,0.3833,9.7833,73.38,94,42,2.21
292,Griffith,US,5/28/2022 23:52,41.5284,-87.4237,73.89,57,0,13.8
293,Sinnamary,GF,5/28/2022 23:52,5.3833,-52.95,78.39,83,7,9.42
294,Vadso,NO,5/28/2022 23:52,70.0744,29.7487,41.16,87,100,19.57
295,Maiduguri,NG,5/28/2022 23:52,11.8464,13.1603,85.71,9,4,4.83
296,Naryan-Mar,RU,5/28/2022 23:52,67.6713,53.087,55.51,59,37,15.41
297,Port-Gentil,GA,5/28/2022 23:49,-0.7193,8.7815,75.16,88,20,9.22
298,Katsuura,JP,5/28/2022 23:52,35.1333,140.3,73.63,65,72,1.97
299,Rancho Palos Verdes,US,5/28/2022 23:52,33.7445,-118.387,72.05,74,74,8.99
300,Torata,PE,5/28/2022 23:52,-17.0769,-70.8433,56.97,45,2,2.37
301,Agogo,GH,5/28/2022 23:52,6.8,-1.0819,70.75,98,38,3.36
302,Kampot,KH,5/28/2022 23:52,10.6167,104.1833,84.25,87,100,8.57
303,Wangkui,CN,5/28/2022 23:52,46.8333,126.5,59.49,62,100,16.31
304,Ulverstone,AU,5/28/2022 23:52,-41.15,146.1667,50.86,72,6,2.73
305,Manitouwadge,CA,5/28/2022 23:52,49.1215,-85.8403,49.62,94,100,5.1
306,Saint-Pierre,RE,5/28/2022 23:52,-21.3393,55.4781,67.68,52,0,8.05
307,Leningradskiy,RU,5/28/2022 23:52,69.3833,178.4167,32.29,85,86,3.65
308,Nome,US,5/28/2022 23:52,64.5011,-165.4064,47.16,86,100,10.36
309,Netrakona,BD,5/28/2022 23:52,24.8833,90.7167,76.64,89,14,5.99
310,Lixourion,GR,5/28/2022 23:52,38.2019,20.4314,67.66,90,15,5.66
311,Srandakan,ID,5/28/2022 23:52,-7.9386,110.2506,78.28,85,86,4.27
312,Orange,US,5/28/2022 23:48,33.7,-117.7675,72.9,63,40,10.36
313,Dwarka,IN,5/28/2022 23:52,22.2394,68.9678,81.45,78,90,20.62
314,Noshiro,JP,5/28/2022 23:52,40.2039,140.0242,65.23,68,18,7.9
315,Vikhorevka,RU,5/28/2022 23:52,56.1201,101.1636,47.79,34,13,0.63
316,Jacareacanga,BR,5/28/2022 23:52,-6.2222,-57.7528,75.16,84,98,2.3
317,Seydi,TM,5/28/2022 23:52,39.4816,62.9137,67.48,30,0,6.2
318,San Cristobal,VE,5/28/2022 23:52,7.7669,-72.225,77.18,86,50,2.8
319,Kalas,IN,5/28/2022 23:52,18.1667,74.8,75.97,71,4,11.3
320,Cockburn Town,TC,5/28/2022 23:52,21.4612,-71.1419,82.36,69,40,19.57
321,Ribeira Brava,PT,5/28/2022 23:53,32.65,-17.0667,66.83,80,53,4.52
322,Pitanga,BR,5/28/2022 23:51,-24.7572,-51.7614,58.33,94,4,3.15
323,Nedumangad,IN,5/28/2022 23:53,8.6,77,78.08,89,40,0
324,Biak,ID,5/28/2022 23:53,-0.9131,122.8766,78.46,78,90,0.85
325,Beringovskiy,RU,5/28/2022 23:53,63.05,179.3167,41.43,75,13,3.56
326,Bereda,ES,5/28/2022 23:53,43.2686,-7.5406,57.58,95,100,4.45
327,Gonzaga,IT,5/28/2022 23:53,44.9498,10.8209,59.31,90,100,18.9
328,Yumen,CN,5/28/2022 23:53,40.2833,97.2,61.77,29,48,8.48
329,Matamoros,MX,5/28/2022 23:53,25.5333,-103.25,96.39,7,0,12.62
330,Broadstairs,GB,5/28/2022 23:53,51.3591,1.4394,51.58,66,49,5.99
331,Mujiayingzi,CN,5/28/2022 23:53,42.1167,118.7833,66.9,47,100,17.38
332,La Ronge,CA,5/28/2022 23:53,55.1001,-105.2842,64.62,48,100,14.97
333,Clyde River,CA,5/28/2022 23:53,70.4692,-68.5914,28.63,86,100,19.57
334,Bone,DE,5/28/2022 23:53,51.9669,12.1396,46.81,81,25,7.38
335,Tacana,GT,5/28/2022 23:53,15.2333,-92.0833,54.32,99,100,2.13
336,Mirabad,AF,5/28/2022 23:53,30.4362,61.8383,70.84,26,0,25.97
337,Miyako,JP,5/28/2022 23:53,39.6367,141.9525,69.51,49,9,8.99
338,Oskemen,KZ,5/28/2022 23:53,49.9565,82.6119,60.76,77,75,4.47
339,Udachnyy,RU,5/28/2022 23:51,66.4167,112.4,48.45,39,70,8.95
340,Khao Wong,TH,5/28/2022 23:53,16.7001,104.0902,78.22,85,75,7.7
341,Molteno,ZA,5/28/2022 23:53,-31.3968,26.3625,48,59,1,7.96
342,Le Port,RE,5/28/2022 23:53,-20.9373,55.2919,68,73,34,6.38
343,Jacobina,BR,5/28/2022 23:53,-11.1806,-40.5183,65.21,88,24,2.95
344,Bria,CF,5/28/2022 23:53,6.5423,21.9863,68.88,95,92,2.91
345,Quilali,NI,5/28/2022 23:53,13.567,-86.026,77.18,80,98,4.94
346,Monte Patria,CL,5/28/2022 23:53,-30.6919,-70.9467,59.22,51,95,3.09
347,Gondanglegi,ID,5/28/2022 23:53,-7.7479,112.0132,77.04,91,18,4.32
348,Robertsport,LR,5/28/2022 23:53,6.7533,-11.3686,81.01,82,26,6.49
349,Marquette,US,5/28/2022 23:53,46.5333,-87.6335,52.77,94,100,8.66
350,Coolum Beach,AU,5/28/2022 23:53,-26.5333,153.1,71.11,69,35,7.38
351,Prince Rupert,CA,5/28/2022 23:53,54.3161,-130.3201,55.49,79,100,8.05
352,Pontianak,ID,5/28/2022 23:53,-0.0333,109.3333,76.98,94,20,4.61
353,Santa Isabel Do Rio Negro,BR,5/28/2022 23:53,-0.4139,-65.0192,73.54,98,43,2.57
354,Haapiti,PF,5/28/2022 23:53,-17.5667,-149.8667,83.93,72,27,12.01
355,Baracoa,CU,5/28/2022 23:53,20.3467,-74.4958,77.9,86,97,3.58
356,Itarema,BR,5/28/2022 23:53,-2.9248,-39.9167,75.15,90,35,8.72
357,Corrales,US,5/28/2022 23:53,35.2378,-106.6067,94.86,8,0,19.57
358,Ketchikan,US,5/28/2022 23:53,55.3422,-131.6461,51.78,93,100,3.29
359,Stephenville,US,5/28/2022 23:52,32.2207,-98.2023,95.79,24,0,19.57
360,Kodyma,UA,5/28/2022 23:53,48.0988,29.1246,50.38,90,100,12.39
361,Tuatapere,NZ,5/28/2022 23:53,-46.1333,167.6833,52.45,74,100,4.72
362,Illkirch-Graffenstaden,FR,5/28/2022 23:53,48.5289,7.7152,53.67,58,0,4.61
363,Saint-Joseph,RE,5/28/2022 23:53,-21.3667,55.6167,66.58,69,16,11.68
364,Faanui,PF,5/28/2022 23:53,-16.4833,-151.75,81.14,72,33,16.13
365,Guerrero Negro,MX,5/28/2022 23:53,27.9769,-114.0611,66.76,65,6,19.15
366,Providencia,MX,5/28/2022 23:53,28.7167,-111.5833,102.2,16,4,12.95
367,Mehamn,NO,5/28/2022 23:53,71.0357,27.8492,40.91,88,78,12.86
368,Maine-Soroa,NE,5/28/2022 23:54,13.2114,12.0241,83.88,10,0,5.1
369,Waipawa,NZ,5/28/2022 23:54,-41.4122,175.5153,54.86,56,30,4.54
370,Leh,IN,5/28/2022 23:54,34.1667,77.5833,48.6,58,67,5.32
371,Coos Bay,US,5/28/2022 23:54,43.3665,-124.2179,52.99,93,100,19.57
372,Alice Springs,AU,5/28/2022 23:54,-23.7,133.8833,69.35,32,32,9.22
373,Comodoro Rivadavia,AR,5/28/2022 23:54,-45.8667,-67.5,42.66,45,0,10.36
374,Inverness,GB,5/28/2022 23:54,57.4791,-4.224,46.31,85,100,4.61
375,Raxaul,IN,5/28/2022 23:54,26.9833,84.85,83.03,52,48,7.65
376,Honiara,SB,5/28/2022 23:54,-9.4333,159.95,85.55,66,82,3.4
377,Atkarsk,RU,5/28/2022 23:54,51.8718,45.0078,52.84,93,50,5.64
378,Progreso,MX,5/28/2022 23:54,21.2833,-89.6667,79.07,81,78,9.24
379,Kuching,MY,5/28/2022 23:54,1.55,110.3333,79.02,94,20,3.44
380,Zumarraga,PH,5/28/2022 23:54,11.6388,124.8417,81.32,79,44,3.33
381,Port Jervis,US,5/28/2022 23:50,41.3751,-74.6927,70.14,90,41,8.25
382,Skibbereen,IE,5/28/2022 23:51,51.55,-9.2667,51.12,88,16,3.58
383,Bowmore,US,5/28/2022 23:54,34.9421,-79.3031,82.62,57,13,1.99
384,Ponta Delgada,PT,5/28/2022 23:55,37.7333,-25.6667,59.72,67,20,9.22
385,Teeli,RU,5/28/2022 23:55,51.0333,90.2333,64.38,38,62,1.01
386,Atikokan,CA,5/28/2022 23:55,48.7555,-91.6216,56.53,89,100,7.56
387,Arlit,NE,5/28/2022 23:55,18.7369,7.3853,91.94,10,26,7.56
388,Sumbe,AO,5/28/2022 23:55,-11.2061,13.8437,71.78,84,79,7.36
389,Vilhena,BR,5/28/2022 23:55,-12.7406,-60.1458,75.42,73,20,3.44
390,Husavik,IS,5/28/2022 23:55,66.0449,-17.3389,45.99,64,16,2.35
391,Kendal,GB,5/28/2022 23:55,54.3268,-2.7476,51.1,79,42,4.27
392,Puerto Colombia,CO,5/28/2022 23:52,10.9878,-74.9547,84.29,83,30,14.63
393,Praia,CV,5/28/2022 23:55,14.9215,-23.5087,73.94,83,75,13.8
394,Naron,ES,5/28/2022 23:55,43.5167,-8.1528,64.02,90,76,9.28
395,Ratnagiri,IN,5/28/2022 23:55,16.9833,73.3,81.93,79,14,6.64
396,Pavlogradka,RU,5/28/2022 23:55,54.2024,73.5592,55.27,69,55,11.27
397,Lebyazhye,RU,5/28/2022 23:55,55.2689,66.4947,50.5,88,38,8.72
398,San Pedro,PH,5/28/2022 23:55,14.35,121.0167,84.34,84,40,1.14
399,Batticaloa,LK,5/28/2022 23:55,7.7102,81.6924,79.81,76,97,5.14
400,Roma,US,5/28/2022 23:55,43.2128,-75.4557,66.51,67,40,8.99
401,Balkhash,KZ,5/28/2022 23:55,46.844,74.9804,60.39,64,100,12.75
402,Show Low,US,5/28/2022 23:55,34.2542,-110.0298,74.08,12,70,1.99
403,Kruisfontein,ZA,5/28/2022 23:55,-34.0033,24.7314,53.89,86,0,6.76
404,Puerto Penasco,MX,5/28/2022 23:55,31.3167,-113.5333,76.91,65,15,10
405,Tautira,PF,5/28/2022 23:55,-17.7333,-149.15,79.99,69,50,11.61
406,Dasoguz,TM,5/28/2022 23:55,41.8363,59.9666,64.35,59,0,4.61
407,Belmonte,BR,5/28/2022 23:55,-15.8631,-38.8828,72.9,85,2,1.52
408,Saint Austell,GB,5/28/2022 23:55,50.3383,-4.7658,54.16,82,9,6.91
409,San Roque,ES,5/28/2022 23:55,36.2107,-5.3842,67.03,73,4,12.66
410,Glendive,US,5/28/2022 23:55,47.1053,-104.7125,62.22,72,100,12.66
411,Baixo Guandu,BR,5/28/2022 23:50,-19.5189,-41.0158,69.71,79,100,2.44
412,Egvekinot,RU,5/28/2022 23:55,66.3167,-179.1667,40.17,75,100,4.72
413,Iranshahr,IR,5/28/2022 23:55,27.2025,60.6848,85.03,17,0,7.07
414,Coquimbo,CL,5/28/2022 23:55,-29.9533,-71.3436,53.33,87,20,5.75
415,Ixtapa,MX,5/28/2022 23:56,20.7,-105.2,80.22,78,34,5.01
416,Hurghada,EG,5/28/2022 23:56,27.2574,33.8129,79.84,42,0,12.06
417,Yarada,IN,5/28/2022 23:56,17.65,83.2667,84.52,84,40,3.44
418,Bosaso,SO,5/28/2022 23:56,11.2842,49.1816,86.88,47,3,8.01
419,Dali,CN,5/28/2022 23:56,25.7,100.1833,63.77,82,25,4.79
420,Havre-Saint-Pierre,CA,5/28/2022 23:56,50.2334,-63.5986,44.96,93,100,10.36
421,Karasjok,NO,5/28/2022 23:56,69.4719,25.5112,45.43,88,82,10.2
422,Mersing,MY,5/28/2022 23:56,2.4312,103.8405,75.11,94,40,4.61
423,Khandyga,RU,5/28/2022 23:56,62.6667,135.6,58.14,50,100,6.35
424,Calabozo,VE,5/28/2022 23:56,8.9242,-67.4293,81.75,43,65,5.57
425,Wagar,SD,5/28/2022 23:56,16.1525,36.2032,87.24,16,1,8.39
426,Remedios,CU,5/28/2022 23:56,22.4947,-79.5458,79.2,77,100,4.09
427,Adrar,MR,5/28/2022 23:56,20.5022,-10.0711,86.18,35,31,8.03
428,Saint-Francois,FR,5/28/2022 23:54,46.4154,3.9054,49.68,71,0,5.75
429,San Nicolas,PH,5/28/2022 23:56,18.1725,120.5953,80.51,89,20,6.91
430,Sechura,PE,5/28/2022 23:56,-5.5569,-80.8222,67.82,69,15,15.79
431,Manono,CD,5/28/2022 23:56,-7.3,27.4167,72.84,52,92,3.22
432,Poum,NC,5/28/2022 23:56,-20.2333,164.0167,76.84,70,64,7.78
433,Meadow Lake,US,5/28/2022 23:56,34.8014,-106.5436,93.29,4,99,25.19
434,Soyo,AO,5/28/2022 23:56,-6.1349,12.3689,72.79,83,0,6.31
435,Polunochnoye,RU,5/28/2022 23:56,60.8697,60.4153,45.5,98,62,1.25
436,Manggar,ID,5/28/2022 23:56,-2.8833,108.2667,81.66,77,85,1.83
437,Booue,GA,5/28/2022 23:56,-0.0921,11.9385,72.12,96,69,1.05
438,Sept-Iles,CA,5/28/2022 23:56,50.2001,-66.3821,43.32,93,100,6.91
439,Aksu,CN,5/28/2022 23:56,41.1231,80.2644,75.22,29,79,8.37
440,Rawson,AR,5/28/2022 23:56,-43.3002,-65.1023,41.79,57,63,20.65
441,Myrtle Beach,US,5/28/2022 23:51,33.6891,-78.8867,80.35,82,40,12.66
442,Buraydah,SA,5/28/2022 23:55,26.326,43.975,84.65,13,16,8.21
443,Zaysan,KZ,5/28/2022 23:56,47.4667,84.8667,65.3,58,47,15.88
444,Dukat,RU,5/28/2022 23:56,62.55,155.55,42.73,64,45,3.38
445,Bathsheba,BB,5/28/2022 23:56,13.2167,-59.5167,81.21,78,40,16.11
446,Chumikan,RU,5/28/2022 23:56,54.7183,135.315,33.39,98,100,19.28
447,Soe,ID,5/28/2022 23:56,-9.8607,124.284,73.36,65,47,2.15
448,La Macarena,CO,5/28/2022 23:56,2.1837,-73.7849,71.65,98,54,1.83
449,Deputatskiy,RU,5/28/2022 23:56,69.3,139.9,34,78,51,1.63
450,Santa Rosa,PH,5/28/2022 23:56,14.3122,121.1114,85.1,79,85,2.28
451,Sola,VU,5/28/2022 23:56,-13.8833,167.55,80.82,74,83,6.82
452,Roald,NO,5/28/2022 23:56,62.5833,6.1333,47.75,87,75,11.5
453,Natal,BR,5/28/2022 23:51,-5.795,-35.2094,77.22,94,0,4.61
454,Chalus,IR,5/28/2022 23:56,36.655,51.4204,60.26,94,0,0
455,Itaituba,BR,5/28/2022 23:56,-4.2761,-55.9836,77.09,86,100,2.04
456,Aranos,NA,5/28/2022 23:56,-24.1333,19.1167,55.49,30,4,2.53
457,Miles City,US,5/28/2022 23:56,46.4083,-105.8406,60.26,70,100,12.93
458,Amapa,BR,5/28/2022 23:56,1,-52,72.14,98,82,2.77
459,Traverse City,US,5/28/2022 23:56,44.7631,-85.6206,64.6,78,99,3.53
460,Doctor Arroyo,MX,5/28/2022 23:56,23.6667,-100.1833,79.34,24,20,16.91
461,Touros,BR,5/28/2022 23:57,-5.1989,-35.4608,74.89,92,100,8.21
462,Vila Velha,BR,5/28/2022 23:57,-20.3297,-40.2925,73.35,89,40,0
463,Methoni,GR,5/28/2022 23:57,36.8197,21.7049,67.86,83,30,3.74
464,Pietersburg,ZA,5/28/2022 23:57,-23.9045,29.4688,50.85,87,0,3.44
465,Moerai,PF,5/28/2022 23:57,-22.4333,-151.3333,75.58,78,68,11.45
466,Phalaborwa,ZA,5/28/2022 23:57,-23.943,31.1411,61.88,70,0,4.61
467,Vagur,FO,5/28/2022 23:57,61.4732,-6.8119,46.04,85,5,23.17
468,Neyshabur,IR,5/28/2022 23:57,36.2133,58.7958,58.37,36,0,5.75
469,Naze,JP,5/28/2022 23:57,28.3667,129.4833,70.72,92,100,6.38
470,Eenhana,NA,5/28/2022 23:57,-17.4667,16.3333,56.79,39,0,5.32
471,Vung Tau,VN,5/28/2022 23:57,10.346,107.0843,81.18,80,99,16.53
472,Nemuro,JP,5/28/2022 23:54,43.3236,145.575,46.09,90,100,16.75
473,Nabire,ID,5/28/2022 23:57,-3.3667,135.4833,83.19,71,64,2.15
474,Carora,VE,5/28/2022 23:57,10.1755,-70.0827,81.97,47,94,13.27
475,Wasilla,US,5/28/2022 23:57,61.5814,-149.4394,75.47,28,19,1.01
476,Freetown,SL,5/28/2022 23:57,8.484,-13.2299,79.84,85,65,7.29
477,Mandalgovi,MN,5/28/2022 23:57,45.7625,106.2708,40.87,46,65,16.49
478,Lastra A Signa,IT,5/28/2022 23:57,43.7714,11.1028,69.78,75,0,4.61
479,Bilma,NE,5/28/2022 23:57,18.6853,12.9164,88.02,10,0,3.31
480,Sawtell,AU,5/28/2022 23:57,-30.3833,153.1,64.42,59,2,10.36
481,Maceio,BR,5/28/2022 23:57,-9.6658,-35.7353,72.84,94,75,2.3
482,Lagoa,PT,5/28/2022 23:57,39.05,-27.9833,58.57,58,65,20.13
483,Ambunti,PG,5/28/2022 23:57,-4.2365,142.8448,84.09,74,57,0.65
484,Junction City,US,5/28/2022 23:57,39.0286,-96.8314,87.4,62,14,10
485,Milkovo,RU,5/28/2022 23:57,54.7167,158.6167,54.86,55,19,2.15
486,Pangody,RU,5/28/2022 23:57,65.85,74.4859,47.98,67,19,18.3
487,San Andres,CO,5/28/2022 23:57,12.5847,-81.7006,80.62,89,75,3.44
488,Panzhihua,CN,5/28/2022 23:57,26.5851,101.7128,74.93,69,0,0.29
489,Haines Junction,CA,5/28/2022 23:57,60.7522,-137.5108,62.55,17,23,9.22
490,Kaabong,UG,5/28/2022 23:57,3.4836,34.1492,62.49,84,58,3.58
491,Mariental,NA,5/28/2022 23:57,-24.6333,17.9667,57.54,29,0,3.65
492,Aswan,EG,5/28/2022 23:56,24.0934,32.907,83.16,19,0,7.87
493,Havelock,US,5/28/2022 23:56,34.8791,-76.9013,78.78,87,51,1.01
494,Sao Felix Do Xingu,BR,5/28/2022 23:57,-6.6447,-51.995,77.41,74,78,2.44
495,Roswell,US,5/28/2022 23:57,34.0232,-84.3616,78.67,63,0,5.66
496,Waitara,NZ,5/28/2022 23:57,-38.925,174.25,58.23,67,100,13.62
497,Vanimo,PG,5/28/2022 23:57,-2.6741,141.3028,84.81,67,36,1.9
498,Zhuanghe,CN,5/28/2022 23:57,39.7008,122.9911,62.11,93,97,10.51
499,Luena,AO,5/28/2022 23:57,-11.7833,19.9167,53.15,53,0,2.8
500,Kitui,KE,5/28/2022 23:57,-1.367,38.0106,61.52,94,95,5.32
501,Norsup,VU,5/28/2022 23:57,-16.0667,167.3833,82.36,72,22,5.41
502,Suluq,LY,5/28/2022 23:57,31.6682,20.2521,75.43,42,12,5.48
503,Aasiaat,GL,5/28/2022 23:57,68.7098,-52.8699,29.71,86,100,7.67
504,Chistogorskiy,RU,5/28/2022 23:57,53.9835,87.3843,60.06,64,46,1.25
505,Laguna,US,5/28/2022 23:57,38.421,-121.4238,78.76,45,40,10
506,Praia Da Vitoria,PT,5/28/2022 23:57,38.7333,-27.0667,61.05,72,20,16.93
507,Biggar,GB,5/28/2022 23:58,55.6167,-3.5167,48.29,86,97,6.58
508,Olinda,BR,5/28/2022 23:58,-8.0089,-34.8553,71.33,100,100,6.91
509,Lata,PT,5/28/2022 23:58,40.1629,-8.3327,58.75,77,10,0.94
510,Abnub,EG,5/28/2022 23:58,27.2696,31.1511,80.67,23,0,8.25
511,Limon,CR,5/28/2022 23:58,10,-83.0333,80.51,78,69,1.61
512,Mokhsogollokh,RU,5/28/2022 23:58,61.4681,128.9203,57.11,51,99,9.98
513,Cam Ranh,VN,5/28/2022 23:58,11.9214,109.1591,78.76,83,20,2.3
514,Asau,RO,5/28/2022 23:57,46.4333,26.4,54.52,100,100,4.41
515,Vestmannaeyjar,IS,5/28/2022 23:58,63.4427,-20.2734,49.12,81,92,8.32
516,Preobrazheniye,RU,5/28/2022 23:58,42.9019,133.9064,56.1,79,90,16.17
517,Byron Bay,AU,5/28/2022 23:58,-28.65,153.6167,64.71,52,0,12.64
518,Damghan,IR,5/28/2022 23:58,36.1683,54.348,64.02,30,0,1.3
519,Vestmanna,FO,5/28/2022 23:58,62.1564,-7.1664,45.52,81,75,19.57
520,Mount Gambier,AU,5/28/2022 23:58,-37.8333,140.7667,48.65,82,100,4.56
521,San Quintin,MX,5/28/2022 23:58,30.4833,-115.95,64.09,72,29,20.85
522,Rosetta,EG,5/28/2022 23:58,31.4044,30.4164,72.61,78,0,5.79
523,Riyadh,SA,5/28/2022 23:58,24.6877,46.7219,84.34,14,17,7.65
524,Hualmay,PE,5/28/2022 23:58,-11.0964,-77.6139,62.94,84,9,10.07
525,Luanda,AO,5/28/2022 23:57,-8.8368,13.2343,70.11,87,2,5.84
526,Champerico,GT,5/28/2022 23:58,14.3,-91.9167,86.54,76,99,7.18
527,Nelson Bay,AU,5/28/2022 23:58,-32.7167,152.15,60.12,67,1,1.99
528,Samoded,RU,5/28/2022 23:58,63.6083,40.5111,47.26,92,95,5.79
529,Nyagan,RU,5/28/2022 23:58,62.1406,65.3936,50.05,93,73,5.86
530,Bolivar,US,5/28/2022 23:58,37.6145,-93.4105,81,64,87,11.95
531,Ciudad Bolivar,VE,5/28/2022 23:58,8.1222,-63.5497,86.31,52,98,13.35
532,Yichang,CN,5/28/2022 23:58,30.7144,111.2847,73.44,75,22,3.71
533,Ebnat-Kappel,CH,5/28/2022 23:58,47.262,9.1247,50.95,90,73,2.73
534,Kununurra,AU,5/28/2022 23:58,-15.7667,128.7333,71.58,56,11,0
535,Yulara,AU,5/28/2022 23:58,-25.2406,130.9889,64.87,64,100,4.36
536,Matara,LK,5/28/2022 23:58,5.9485,80.5353,76.57,90,79,9.26
537,Mahon,ES,5/28/2022 23:58,39.8885,4.2658,64.96,88,0,3.44
538,Cartagena Del Chaira,CO,5/28/2022 23:58,1.3349,-74.8429,69.67,99,86,2.86
539,Najran,SA,5/28/2022 23:58,17.4924,44.1277,75.85,19,5,2.73
540,Charters Towers,AU,5/28/2022 23:58,-20.1,146.2667,69.13,44,20,3.62
541,Awbari,LY,5/28/2022 23:58,26.5921,12.7805,79.97,15,0,4.32
542,Lewistown,US,5/28/2022 23:58,40.5992,-77.5714,71.19,68,0,18.41
543,Scarborough,GB,5/28/2022 23:55,54.2797,-0.4044,47.91,81,32,1.99
544,Mustafakemalpasa,TR,5/28/2022 23:58,40.0353,28.4117,67.77,70,15,4.63
545,Fare,PF,5/28/2022 23:58,-16.7,-151.0167,81.03,72,11,15.05
546,Bauchi,NG,5/28/2022 23:58,10.5,10,80.42,44,1,5.97
547,Diffa,NE,5/28/2022 23:58,13.3154,12.6113,84.87,10,0,5.19
